{
  "baseline_results": {
    "linear": {
      "rmse_mean": 561.9867627956455,
      "mae_mean": 307.26437982673235,
      "spearman_mean": 0.3505858272240635
    },
    "ridge": {
      "rmse_mean": 427.28353578218866,
      "mae_mean": 281.31111806006953,
      "spearman_mean": 0.3875950730088952
    }
  },
  "advanced_models": {
    "catboost": {
      "cv_score": 207.35880330591846,
      "params": {
        "iterations": 806,
        "depth": 5,
        "learning_rate": 0.0864047063211963,
        "l2_leaf_reg": 7.3120709463263,
        "random_strength": 1.0708226563964445,
        "bagging_temperature": 0.1827440986584486
      },
      "feature_importance": {
        "total_points_lag1": 9.442313615722577,
        "total_points_lag2": 0.012148401627499701,
        "games_played_lag1": 28.234021037266576,
        "games_played_lag2": 0.0634662672973292,
        "points_per_game_calc_lag1": 25.443289275960712,
        "points_per_game_calc_lag2": 0.04234544433025527,
        "availability_rate_lag1": 14.986471134649047,
        "availability_rate_lag2": 0.021705623552102395,
        "total_points_decay0.8_L1": 0.11639832238526276,
        "pass_attempt_decay0.8_L1": 1.583577405396622e-05,
        "passing_yards_decay0.8_L1": 0.0004848374312956081,
        "pass_touchdown_decay0.8_L1": 0.0,
        "rush_attempt_decay0.8_L1": 0.016971431125582127,
        "rushing_yards_decay0.8_L1": 0.11919616211971501,
        "rush_touchdown_decay0.8_L1": 0.007721004302766415,
        "receptions_decay0.8_L1": 0.02189174981813291,
        "receiving_yards_decay0.8_L1": 0.007680726446645046,
        "receiving_touchdown_decay0.8_L1": 7.07678173899408e-05,
        "games_played_decay0.8_L1": 0.00018266279651171934,
        "total_points_decay0.8_L2": 0.012297079254941275,
        "pass_attempt_decay0.8_L2": 1.4986825131988972e-06,
        "passing_yards_decay0.8_L2": 4.453496516408123e-05,
        "pass_touchdown_decay0.8_L2": 0.002623711986064093,
        "rush_attempt_decay0.8_L2": 0.11503678223910234,
        "rushing_yards_decay0.8_L2": 0.02757799213641895,
        "rush_touchdown_decay0.8_L2": 0.007526678548071632,
        "receptions_decay0.8_L2": 0.006760941908828299,
        "receiving_yards_decay0.8_L2": 0.010441643093641706,
        "receiving_touchdown_decay0.8_L2": 0.004118076321273892,
        "games_played_decay0.8_L2": 0.06420613939423163,
        "total_points_decay0.8_L3": 0.014020826258479979,
        "pass_attempt_decay0.8_L3": 0.0026656113598470532,
        "passing_yards_decay0.8_L3": 0.0003872595132265469,
        "pass_touchdown_decay0.8_L3": 2.1715370292086596e-05,
        "rush_attempt_decay0.8_L3": 0.014235407686289201,
        "rushing_yards_decay0.8_L3": 0.9589987480687124,
        "rush_touchdown_decay0.8_L3": 0.026583833722849014,
        "receptions_decay0.8_L3": 0.008088817641410641,
        "receiving_yards_decay0.8_L3": 0.02453830320473234,
        "receiving_touchdown_decay0.8_L3": 0.02130365398269495,
        "games_played_decay0.8_L3": 0.020164665495794872,
        "total_points_decay0.6_L1": 0.0014413883942460289,
        "pass_attempt_decay0.6_L1": 0.0010085131039000697,
        "passing_yards_decay0.6_L1": 0.0008526223747312678,
        "pass_touchdown_decay0.6_L1": 0.001362522654041452,
        "rush_attempt_decay0.6_L1": 2.117567007832057,
        "rushing_yards_decay0.6_L1": 0.01167644058543954,
        "rush_touchdown_decay0.6_L1": 0.00012722382646615502,
        "receptions_decay0.6_L1": 0.0022823580955432625,
        "receiving_yards_decay0.6_L1": 0.010983814638622672,
        "receiving_touchdown_decay0.6_L1": 0.00014375625295424312,
        "games_played_decay0.6_L1": 0.0257718849353793,
        "total_points_decay0.6_L2": 0.01022055681782013,
        "pass_attempt_decay0.6_L2": 0.00043101007918940954,
        "passing_yards_decay0.6_L2": 2.8354133155768667e-07,
        "pass_touchdown_decay0.6_L2": 0.00012192425214739356,
        "rush_attempt_decay0.6_L2": 0.17090782847565003,
        "rushing_yards_decay0.6_L2": 2.7954558092466724,
        "rush_touchdown_decay0.6_L2": 0.005911975462627881,
        "receptions_decay0.6_L2": 0.007400197118577679,
        "receiving_yards_decay0.6_L2": 0.12926086690802954,
        "receiving_touchdown_decay0.6_L2": 0.0027563208401142733,
        "games_played_decay0.6_L2": 0.005602652261241037,
        "total_points_decay0.6_L3": 0.3091788093641413,
        "pass_attempt_decay0.6_L3": 0.00850598890327634,
        "passing_yards_decay0.6_L3": 0.000927658838300522,
        "pass_touchdown_decay0.6_L3": 0.0,
        "rush_attempt_decay0.6_L3": 6.162176008414332,
        "rushing_yards_decay0.6_L3": 3.586960796808333,
        "rush_touchdown_decay0.6_L3": 0.035120057166273276,
        "receptions_decay0.6_L3": 0.010152861086240042,
        "receiving_yards_decay0.6_L3": 0.02508219674556906,
        "receiving_touchdown_decay0.6_L3": 0.007435485409724391,
        "games_played_decay0.6_L3": 0.03588757050946083,
        "total_points_decay0.4_L1": 0.013969904691813795,
        "pass_attempt_decay0.4_L1": 0.0005222121547323041,
        "passing_yards_decay0.4_L1": 0.0008280203288432953,
        "pass_touchdown_decay0.4_L1": 0.0,
        "rush_attempt_decay0.4_L1": 0.043657905799588774,
        "rushing_yards_decay0.4_L1": 0.08885125256425379,
        "rush_touchdown_decay0.4_L1": 0.0006254887197579747,
        "receptions_decay0.4_L1": 0.0013700276914285112,
        "receiving_yards_decay0.4_L1": 0.0056352056017964424,
        "receiving_touchdown_decay0.4_L1": 0.00010101688032678873,
        "games_played_decay0.4_L1": 0.0016228428077825438,
        "total_points_decay0.4_L2": 0.0036682611471323184,
        "pass_attempt_decay0.4_L2": 9.305831141588298e-05,
        "passing_yards_decay0.4_L2": 0.0006248207863400201,
        "pass_touchdown_decay0.4_L2": 0.0,
        "rush_attempt_decay0.4_L2": 2.6443511661197534,
        "rushing_yards_decay0.4_L2": 0.3116209350942718,
        "rush_touchdown_decay0.4_L2": 0.002859679820637295,
        "receptions_decay0.4_L2": 0.023391137417800637,
        "receiving_yards_decay0.4_L2": 0.07228577216448391,
        "receiving_touchdown_decay0.4_L2": 0.0029814767672379813,
        "games_played_decay0.4_L2": 0.0021775701459318788,
        "total_points_decay0.4_L3": 0.007634094288843422,
        "pass_attempt_decay0.4_L3": 0.0021014345222120892,
        "passing_yards_decay0.4_L3": 0.00018209397594108083,
        "pass_touchdown_decay0.4_L3": 0.0,
        "rush_attempt_decay0.4_L3": 0.7996715478053287,
        "rushing_yards_decay0.4_L3": 0.14755039089527594,
        "rush_touchdown_decay0.4_L3": 0.021328478598805167,
        "receptions_decay0.4_L3": 0.040199286748094275,
        "receiving_yards_decay0.4_L3": 0.03824635147242828,
        "receiving_touchdown_decay0.4_L3": 0.013005248352694525,
        "games_played_decay0.4_L3": 0.10674950031842799,
        "total_points_pos_pct_hist": 0.016957168123179257,
        "games_played_pos_pct_hist": 0.012741993298265763,
        "total_points_overall_pct_hist": 0.026870767380809055,
        "games_played_overall_pct_hist": 0.01480661830000912,
        "points_per_game_hist": 0.05447262911510377,
        "total_points_trend_2yr_hist": 0.018884279263205937,
        "total_points_trend_3yr_hist": 0.030111792901265665,
        "games_played_trend_2yr_hist": 0.010372388609800949,
        "games_played_trend_3yr_hist": 0.010826243489475825,
        "age_2025": 0.023367506887830364,
        "years_exp": 0.021949818437232257
      }
    },
    "lightgbm": {
      "cv_score": 202.6812412107504,
      "params": {
        "num_leaves": 27,
        "learning_rate": 0.19925085575221801,
        "feature_fraction": 0.5182703344629548,
        "bagging_fraction": 0.9113319765220805,
        "min_child_samples": 11
      },
      "feature_importance": {
        "total_points_lag1": 54,
        "total_points_lag2": 19,
        "games_played_lag1": 26,
        "games_played_lag2": 9,