{
  "baseline_results": {
    "linear": {
      "rmse_mean": 567.5868196684921,
      "mae_mean": 293.4192463124681,
      "spearman_mean": 0.5630920769484926
    },
    "ridge": {
      "rmse_mean": 325.3756783027562,
      "mae_mean": 242.40794414027386,
      "spearman_mean": 0.5689317630214568
    }
  },
  "advanced_models": {
    "catboost": {
      "cv_score": 303.73242302704443,
      "params": {
        "iterations": 144,
        "depth": 4,
        "learning_rate": 0.03587723923159898,
        "l2_leaf_reg": 4.819988483626503,
        "random_strength": 3.3621055379991813,
        "bagging_temperature": 0.4546715943769795
      },
      "feature_importance": {
        "total_points_lag1": 0.49947334264311494,
        "total_points_lag2": 0.6695490782993219,
        "games_played_lag1": 1.0404636367707873,
        "games_played_lag2": 0.0,
        "points_per_game_calc_lag1": 1.2836268567326876,
        "points_per_game_calc_lag2": 0.9964684405470697,
        "availability_rate_lag1": 0.9965141156269234,
        "availability_rate_lag2": 0.024520310423800897,
        "total_points_decay0.8_L1": 1.8470062110402496,
        "pass_attempt_decay0.8_L1": 0.40223599921380043,
        "passing_yards_decay0.8_L1": 0.7627902163571446,
        "pass_touchdown_decay0.8_L1": 0.328017639239666,
        "rush_attempt_decay0.8_L1": 0.5791994787473361,
        "rushing_yards_decay0.8_L1": 0.5769210915526451,
        "rush_touchdown_decay0.8_L1": 0.3385529328756934,
        "receptions_decay0.8_L1": 0.0,
        "receiving_yards_decay0.8_L1": 0.8069924929231652,
        "receiving_touchdown_decay0.8_L1": 0.16255039275607827,
        "games_played_decay0.8_L1": 0.9213729012072326,
        "total_points_decay0.8_L2": 1.911089247155863,
        "pass_attempt_decay0.8_L2": 0.8437497513730793,
        "passing_yards_decay0.8_L2": 0.7734130678444381,
        "pass_touchdown_decay0.8_L2": 0.03847985050007556,
        "rush_attempt_decay0.8_L2": 1.4508278873332783,
        "rushing_yards_decay0.8_L2": 0.22705906097851172,
        "rush_touchdown_decay0.8_L2": 0.14299052100324727,
        "receptions_decay0.8_L2": 0.0,
        "receiving_yards_decay0.8_L2": 0.4116515569568367,
        "receiving_touchdown_decay0.8_L2": 0.0911234350495119,
        "games_played_decay0.8_L2": 2.159340374860688,
        "total_points_decay0.8_L3": 0.01992312018556308,
        "pass_attempt_decay0.8_L3": 0.6539117468440641,
        "passing_yards_decay0.8_L3": 1.6674782440841796,
        "pass_touchdown_decay0.8_L3": 0.7473297905759022,
        "rush_attempt_decay0.8_L3": 1.1679674364426662,
        "rushing_yards_decay0.8_L3": 0.79406055185277,
        "rush_touchdown_decay0.8_L3": 0.3432239428723903,
        "receptions_decay0.8_L3": 0.007800392295075933,
        "receiving_yards_decay0.8_L3": 2.7200135902572002,
        "receiving_touchdown_decay0.8_L3": 1.2628997265361601,
        "games_played_decay0.8_L3": 1.5116856478244325,
        "total_points_decay0.6_L1": 0.8750553188337526,
        "pass_attempt_decay0.6_L1": 0.4078580016793416,
        "passing_yards_decay0.6_L1": 0.8610186744055704,
        "pass_touchdown_decay0.6_L1": 1.4020393435689842,
        "rush_attempt_decay0.6_L1": 0.6011170367046401,
        "rushing_yards_decay0.6_L1": 0.7085089332799441,
        "rush_touchdown_decay0.6_L1": 0.41445856477787907,
        "receptions_decay0.6_L1": 0.0013033590902513323,
        "receiving_yards_decay0.6_L1": 0.2117281890163316,
        "receiving_touchdown_decay0.6_L1": 1.9836089770851948,
        "games_played_decay0.6_L1": 0.5198472925498442,
        "total_points_decay0.6_L2": 1.4234055243935226,
        "pass_attempt_decay0.6_L2": 1.3047249480458263,
        "passing_yards_decay0.6_L2": 2.1623427353001112,
        "pass_touchdown_decay0.6_L2": 2.9187077868466527,
        "rush_attempt_decay0.6_L2": 1.610546091789766,
        "rushing_yards_decay0.6_L2": 0.6345073548745886,
        "rush_touchdown_decay0.6_L2": 0.26636175024595066,
        "receptions_decay0.6_L2": 0.0663956225079779,
        "receiving_yards_decay0.6_L2": 1.2027517689423888,
        "receiving_touchdown_decay0.6_L2": 0.6697929759738787,
        "games_played_decay0.6_L2": 2.4037565444495037,
        "total_points_decay0.6_L3": 0.696592487098425,
        "pass_attempt_decay0.6_L3": 0.4177969114416436,
        "passing_yards_decay0.6_L3": 0.6801462264815367,
        "pass_touchdown_decay0.6_L3": 0.05560240371235336,
        "rush_attempt_decay0.6_L3": 0.2947206580516655,
        "rushing_yards_decay0.6_L3": 0.534674638405376,
        "rush_touchdown_decay0.6_L3": 0.22731718980355822,
        "receptions_decay0.6_L3": 0.0,
        "receiving_yards_decay0.6_L3": 0.02355478313528795,
        "receiving_touchdown_decay0.6_L3": 4.512791322338251,
        "games_played_decay0.6_L3": 0.6241542599308886,
        "total_points_decay0.4_L1": 0.01969473676566914,
        "pass_attempt_decay0.4_L1": 0.572995853098157,
        "passing_yards_decay0.4_L1": 1.4781212683519058,
        "pass_touchdown_decay0.4_L1": 0.13358274290493827,
        "rush_attempt_decay0.4_L1": 0.36744939002355553,
        "rushing_yards_decay0.4_L1": 0.9883794859565477,
        "rush_touchdown_decay0.4_L1": 0.3493511227489361,
        "receptions_decay0.4_L1": 0.021132800996859796,
        "receiving_yards_decay0.4_L1": 0.20195110993227244,
        "receiving_touchdown_decay0.4_L1": 0.8976344397811263,
        "games_played_decay0.4_L1": 0.19352986344086703,
        "total_points_decay0.4_L2": 0.23153528358873568,
        "pass_attempt_decay0.4_L2": 1.5596401027118918,
        "passing_yards_decay0.4_L2": 0.6758136726414671,
        "pass_touchdown_decay0.4_L2": 1.8007591425523355,
        "rush_attempt_decay0.4_L2": 1.2369417477442515,
        "rushing_yards_decay0.4_L2": 0.7677583743167821,
        "rush_touchdown_decay0.4_L2": 0.2049776378322975,
        "receptions_decay0.4_L2": 0.004297070580993363,
        "receiving_yards_decay0.4_L2": 0.29079744543007874,
        "receiving_touchdown_decay0.4_L2": 10.262241978680999,
        "games_played_decay0.4_L2": 0.16727300219497818,
        "total_points_decay0.4_L3": 0.48199574198908945,
        "pass_attempt_decay0.4_L3": 0.5878651374519471,
        "passing_yards_decay0.4_L3": 0.564135143540282,
        "pass_touchdown_decay0.4_L3": 1.7962983831839363,
        "rush_attempt_decay0.4_L3": 0.40841718234164553,
        "rushing_yards_decay0.4_L3": 0.5098357838101613,
        "rush_touchdown_decay0.4_L3": 0.16784622503195448,
        "receptions_decay0.4_L3": 0.148644733262806,
        "receiving_yards_decay0.4_L3": 0.686227772282024,
        "receiving_touchdown_decay0.4_L3": 1.7704758820816586,
        "games_played_decay0.4_L3": 0.10040714350121069,
        "total_points_pos_pct_hist": 0.13183429471351701,
        "games_played_pos_pct_hist": 0.7580527883873642,
        "total_points_overall_pct_hist": 1.0838499895098763,
        "games_played_overall_pct_hist": 0.3049138837451651,
        "points_per_game_hist": 3.657968858446108,
        "total_points_trend_2yr_hist": 0.388820129272416,
        "total_points_trend_3yr_hist": 0.5420455424235193,
        "games_played_trend_2yr_hist": 0.3548920668931789,
        "games_played_trend_3yr_hist": 0.0,
        "age_2025": 0.7643766341744416,
        "years_exp": 0.46577665713850014
      }
    },
    "lightgbm": {
      "cv_score": 314.4822642637323,
      "params": {
        "num_leaves": 79,
        "learning_rate": 0.18177010523459658,
        "feature_fraction": 0.6017933624514201,
        "bagging_fraction": 0.7509924559582697,
        "min_child_samples": 42
      },
      "feature_importance": {
        "total_points_lag1": 29,
        "total_points_lag2": 20,
        "games_played_lag1": 10,
        "games_played_lag2": 9,
        "points_per_game_calc_lag1": 34,
        "points_per_game_calc_lag2": 20,
        "availability_rate_lag1": 3,
        "availability_rate_lag2": 2,
        "total_points_decay0.8_L1": 2,