{
  "baseline_results": {
    "linear": {
      "rmse_mean": 127.39537644259153,
      "mae_mean": 99.19498141044394,
      "spearman_mean": 0.47372975702947634
    },
    "ridge": {
      "rmse_mean": 121.88491380860887,
      "mae_mean": 96.825734106099,
      "spearman_mean": 0.5004732615522423
    }
  },
  "advanced_models": {
    "catboost": {
      "cv_score": 112.42177300693666,
      "params": {
        "iterations": 276,
        "depth": 7,
        "learning_rate": 0.02218725658319338,
        "l2_leaf_reg": 1.8008557927913547,
        "random_strength": 1.0398924471170592,
        "bagging_temperature": 0.7979593676968576
      },
      "feature_importance": {
        "total_points_lag1": 32.47594522683125,
        "total_points_lag2": 2.7043198354575195,
        "games_played_lag1": 1.3935157779607998,
        "games_played_lag2": 1.7402939222169127,
        "points_per_game_calc_lag1": 13.123224764152255,
        "points_per_game_calc_lag2": 1.9940459143363038,
        "availability_rate_lag1": 2.2810791755936,
        "availability_rate_lag2": 1.8698996765718383,
        "total_points_decay0.8_L1": 0.713683510668011,
        "pass_attempt_decay0.8_L1": 0.04810098083564718,
        "passing_yards_decay0.8_L1": 0.2806259832177809,
        "pass_touchdown_decay0.8_L1": 0.060475327576537195,
        "rush_attempt_decay0.8_L1": 0.14398012332531393,
        "rushing_yards_decay0.8_L1": 0.08630142400616567,
        "rush_touchdown_decay0.8_L1": 0.017367454087624114,
        "receptions_decay0.8_L1": 0.6151650799713118,
        "receiving_yards_decay0.8_L1": 0.2006196815794648,
        "receiving_touchdown_decay0.8_L1": 0.09837477325617067,
        "games_played_decay0.8_L1": 0.5273357233148036,
        "total_points_decay0.8_L2": 0.9406496639667834,
        "pass_attempt_decay0.8_L2": 0.20862327170859474,
        "passing_yards_decay0.8_L2": 0.47637350974840625,
        "pass_touchdown_decay0.8_L2": 0.10447073772528717,
        "rush_attempt_decay0.8_L2": 0.1651744702752658,
        "rushing_yards_decay0.8_L2": 0.2668104060962352,
        "rush_touchdown_decay0.8_L2": 0.03256667737798454,
        "receptions_decay0.8_L2": 0.27211726649108103,
        "receiving_yards_decay0.8_L2": 0.5155401819900644,
        "receiving_touchdown_decay0.8_L2": 0.20450735871082143,
        "games_played_decay0.8_L2": 0.7586106446263561,
        "total_points_decay0.8_L3": 0.9678043904665979,
        "pass_attempt_decay0.8_L3": 0.3764426673900673,
        "passing_yards_decay0.8_L3": 0.6372317917997699,
        "pass_touchdown_decay0.8_L3": 0.21420361693414933,
        "rush_attempt_decay0.8_L3": 0.25112302941379805,
        "rushing_yards_decay0.8_L3": 0.19729510050115712,
        "rush_touchdown_decay0.8_L3": 0.011568169469485554,
        "receptions_decay0.8_L3": 0.559897213132525,
        "receiving_yards_decay0.8_L3": 0.5966030842500151,
        "receiving_touchdown_decay0.8_L3": 0.2394321490621955,
        "games_played_decay0.8_L3": 0.7187283014311936,
        "total_points_decay0.6_L1": 0.5145908634869922,
        "pass_attempt_decay0.6_L1": 0.12807712628132478,
        "passing_yards_decay0.6_L1": 0.6284088192311199,
        "pass_touchdown_decay0.6_L1": 0.10548413169303869,
        "rush_attempt_decay0.6_L1": 0.11115439810603178,
        "rushing_yards_decay0.6_L1": 0.1165181114808973,
        "rush_touchdown_decay0.6_L1": 0.0173501438076076,
        "receptions_decay0.6_L1": 0.381272197850942,
        "receiving_yards_decay0.6_L1": 0.5011807702782884,
        "receiving_touchdown_decay0.6_L1": 0.28072707099090455,
        "games_played_decay0.6_L1": 0.20878056526727246,
        "total_points_decay0.6_L2": 0.5833581634620996,
        "pass_attempt_decay0.6_L2": 0.06851604463814,
        "passing_yards_decay0.6_L2": 0.5216114303716435,
        "pass_touchdown_decay0.6_L2": 0.2078106992592327,
        "rush_attempt_decay0.6_L2": 0.07017831385714887,
        "rushing_yards_decay0.6_L2": 0.24556627887022844,
        "rush_touchdown_decay0.6_L2": 0.07155543269369771,
        "receptions_decay0.6_L2": 0.2050107669628892,
        "receiving_yards_decay0.6_L2": 0.4360269498779457,
        "receiving_touchdown_decay0.6_L2": 0.15172796705091904,
        "games_played_decay0.6_L2": 0.5506180693398465,
        "total_points_decay0.6_L3": 1.1769279550088345,
        "pass_attempt_decay0.6_L3": 0.23472580223235195,
        "passing_yards_decay0.6_L3": 0.4228593359837271,
        "pass_touchdown_decay0.6_L3": 0.17016144378110354,
        "rush_attempt_decay0.6_L3": 0.1969794179706539,
        "rushing_yards_decay0.6_L3": 0.17986333065108712,
        "rush_touchdown_decay0.6_L3": 0.010159897515592249,
        "receptions_decay0.6_L3": 0.24707965966258966,
        "receiving_yards_decay0.6_L3": 1.5070349468167885,
        "receiving_touchdown_decay0.6_L3": 0.1902526042156958,
        "games_played_decay0.6_L3": 0.953609672342796,
        "total_points_decay0.4_L1": 1.1829156937726149,
        "pass_attempt_decay0.4_L1": 0.4158969116039184,
        "passing_yards_decay0.4_L1": 0.3415350792648615,
        "pass_touchdown_decay0.4_L1": 0.22985537886296858,
        "rush_attempt_decay0.4_L1": 0.11769926753682175,
        "rushing_yards_decay0.4_L1": 0.08548383996967758,
        "rush_touchdown_decay0.4_L1": 0.023842685459283006,
        "receptions_decay0.4_L1": 0.33113765630909275,
        "receiving_yards_decay0.4_L1": 0.4574998988588974,
        "receiving_touchdown_decay0.4_L1": 0.08724007365024296,
        "games_played_decay0.4_L1": 0.29133767606560435,
        "total_points_decay0.4_L2": 0.7073630067166817,
        "pass_attempt_decay0.4_L2": 0.19613633534636313,
        "passing_yards_decay0.4_L2": 0.5503572406600865,
        "pass_touchdown_decay0.4_L2": 0.15750618041410336,
        "rush_attempt_decay0.4_L2": 0.11777957555712419,
        "rushing_yards_decay0.4_L2": 0.16232493027483294,
        "rush_touchdown_decay0.4_L2": 0.05951681085504396,
        "receptions_decay0.4_L2": 0.3780291244129808,
        "receiving_yards_decay0.4_L2": 0.8553518149553353,
        "receiving_touchdown_decay0.4_L2": 0.15359025213106423,
        "games_played_decay0.4_L2": 0.3081031357028426,
        "total_points_decay0.4_L3": 0.4709588795117324,
        "pass_attempt_decay0.4_L3": 0.5023842769041414,
        "passing_yards_decay0.4_L3": 0.7584289005497393,
        "pass_touchdown_decay0.4_L3": 0.16635431073703025,
        "rush_attempt_decay0.4_L3": 0.23645003921981475,
        "rushing_yards_decay0.4_L3": 0.22700121511326007,
        "rush_touchdown_decay0.4_L3": 0.020059250373456444,
        "receptions_decay0.4_L3": 0.2805618915347277,
        "receiving_yards_decay0.4_L3": 0.2499585847377154,
        "receiving_touchdown_decay0.4_L3": 0.1270621257050009,
        "games_played_decay0.4_L3": 0.6288016413472698,
        "total_points_pos_pct_hist": 0.9482103847126894,
        "games_played_pos_pct_hist": 0.7208435233465946,
        "total_points_overall_pct_hist": 0.4703422972844947,
        "games_played_overall_pct_hist": 0.8221855662357115,
        "points_per_game_hist": 0.4655964514900891,
        "total_points_trend_2yr_hist": 0.6284239199324296,
        "total_points_trend_3yr_hist": 0.5048172781991627,
        "games_played_trend_2yr_hist": 0.2080564397132507,
        "games_played_trend_3yr_hist": 0.7797026577706667,
        "age_2025": 1.62678390470627,
        "years_exp": 1.4612074539277664
      }
    },
    "lightgbm": {
      "cv_score": 112.2089500748411,
      "params": {
        "num_leaves": 20,
        "learning_rate": 0.06683455122374433,
        "feature_fraction": 0.5740406051329245,
        "bagging_fraction": 0.9559551675918372,
        "min_child_samples": 19
      },
      "feature_importance": {
        "total_points_lag1": 76,
        "total_points_lag2": 28,
        "games_played_lag1": 12,
        "games_played_lag2": 5,
        "points_per_game_calc_lag1": 43,
        "points_per_game_calc_lag2": 31,
        "availability_rate_lag1": 18,