{
  "baseline_results": {
    "linear": {
      "rmse_mean": 248.94192307775592,
      "mae_mean": 109.56958493088175,
      "spearman_mean": 0.6766884525131978
    },
    "ridge": {
      "rmse_mean": 132.4439830835882,
      "mae_mean": 94.2403448805962,
      "spearman_mean": 0.6904598422083581
    }
  },
  "advanced_models": {
    "catboost": {
      "cv_score": 117.0015943768165,
      "params": {
        "iterations": 465,
        "depth": 5,
        "learning_rate": 0.10781643204235362,
        "l2_leaf_reg": 1.0298447860994266,
        "random_strength": 7.956386417428488,
        "bagging_temperature": 0.7136782791572711
      },
      "feature_importance": {
        "total_points_lag1": 9.579382617045125,
        "total_points_lag2": 0.7845858061732625,
        "games_played_lag1": 14.578919404471653,
        "games_played_lag2": 0.19701217291635278,
        "points_per_game_calc_lag1": 14.332356496164687,
        "points_per_game_calc_lag2": 1.0873577544779645,
        "availability_rate_lag1": 9.926943192665448,
        "availability_rate_lag2": 0.2767587843196788,
        "total_points_decay0.8_L1": 0.9591343798662499,
        "pass_attempt_decay0.8_L1": 0.1393539691302557,
        "passing_yards_decay0.8_L1": 0.2489822415089714,
        "pass_touchdown_decay0.8_L1": 0.05856140406172309,
        "rush_attempt_decay0.8_L1": 0.3168706885953831,
        "rushing_yards_decay0.8_L1": 0.7441758878770683,
        "rush_touchdown_decay0.8_L1": 0.1486437825349805,
        "receptions_decay0.8_L1": 0.28364318465092064,
        "receiving_yards_decay0.8_L1": 0.2165580119401582,
        "receiving_touchdown_decay0.8_L1": 0.1973943863716545,
        "games_played_decay0.8_L1": 0.030714150471886522,
        "total_points_decay0.8_L2": 0.45128662083148646,
        "pass_attempt_decay0.8_L2": 0.6363970086211995,
        "passing_yards_decay0.8_L2": 0.0480808787441036,
        "pass_touchdown_decay0.8_L2": 0.29691459621762845,
        "rush_attempt_decay0.8_L2": 0.3455937069183629,
        "rushing_yards_decay0.8_L2": 0.7254182607615929,
        "rush_touchdown_decay0.8_L2": 0.1842919418729701,
        "receptions_decay0.8_L2": 0.08568070525814687,
        "receiving_yards_decay0.8_L2": 0.44938597449696494,
        "receiving_touchdown_decay0.8_L2": 0.09929228846188151,
        "games_played_decay0.8_L2": 0.3570421002819818,
        "total_points_decay0.8_L3": 0.42789235276739757,
        "pass_attempt_decay0.8_L3": 0.17957060824879856,
        "passing_yards_decay0.8_L3": 0.11878221175037389,
        "pass_touchdown_decay0.8_L3": 0.21802410240749098,
        "rush_attempt_decay0.8_L3": 0.6994941276724069,
        "rushing_yards_decay0.8_L3": 0.7323690866200795,
        "rush_touchdown_decay0.8_L3": 0.2940666836504988,
        "receptions_decay0.8_L3": 0.2597908252927183,
        "receiving_yards_decay0.8_L3": 0.21535973772798603,
        "receiving_touchdown_decay0.8_L3": 0.5028678923114743,
        "games_played_decay0.8_L3": 0.1920605843790844,
        "total_points_decay0.6_L1": 0.43717911944313176,
        "pass_attempt_decay0.6_L1": 0.38639321415055605,
        "passing_yards_decay0.6_L1": 0.07114871003982366,
        "pass_touchdown_decay0.6_L1": 0.12971897892165912,
        "rush_attempt_decay0.6_L1": 0.3132655388935693,
        "rushing_yards_decay0.6_L1": 0.2812712175751555,
        "rush_touchdown_decay0.6_L1": 0.091359037505891,
        "receptions_decay0.6_L1": 0.09949720964877012,
        "receiving_yards_decay0.6_L1": 0.2362112976081603,
        "receiving_touchdown_decay0.6_L1": 0.05157244858530238,
        "games_played_decay0.6_L1": 0.06161734132006872,
        "total_points_decay0.6_L2": 3.311465990221749,
        "pass_attempt_decay0.6_L2": 0.22908861786193233,
        "passing_yards_decay0.6_L2": 0.3247712027878098,
        "pass_touchdown_decay0.6_L2": 0.22537992811703034,
        "rush_attempt_decay0.6_L2": 1.8277643326581183,
        "rushing_yards_decay0.6_L2": 0.4473879216288849,
        "rush_touchdown_decay0.6_L2": 0.2012900259773706,
        "receptions_decay0.6_L2": 0.42396138031455993,
        "receiving_yards_decay0.6_L2": 0.10172915541765008,
        "receiving_touchdown_decay0.6_L2": 0.23226620644550283,
        "games_played_decay0.6_L2": 0.317454397713872,
        "total_points_decay0.6_L3": 1.5130983224524284,
        "pass_attempt_decay0.6_L3": 0.36312611636649567,
        "passing_yards_decay0.6_L3": 0.391508214485508,
        "pass_touchdown_decay0.6_L3": 0.40321869577704883,
        "rush_attempt_decay0.6_L3": 0.35255768764608914,
        "rushing_yards_decay0.6_L3": 0.5816789186646362,
        "rush_touchdown_decay0.6_L3": 0.2906297711788722,
        "receptions_decay0.6_L3": 0.3015049730423509,
        "receiving_yards_decay0.6_L3": 0.44667669168311086,
        "receiving_touchdown_decay0.6_L3": 0.5255633048394025,
        "games_played_decay0.6_L3": 0.33956245546036734,
        "total_points_decay0.4_L1": 1.0950274284392556,
        "pass_attempt_decay0.4_L1": 0.2929233565192905,
        "passing_yards_decay0.4_L1": 0.14704494048472186,
        "pass_touchdown_decay0.4_L1": 0.12033771423500748,
        "rush_attempt_decay0.4_L1": 0.2455670944985076,
        "rushing_yards_decay0.4_L1": 0.20998251108940358,
        "rush_touchdown_decay0.4_L1": 0.42296433502881486,
        "receptions_decay0.4_L1": 0.4490034972452062,
        "receiving_yards_decay0.4_L1": 0.11783742586973452,
        "receiving_touchdown_decay0.4_L1": 0.057279303058926444,
        "games_played_decay0.4_L1": 0.0733823743004187,
        "total_points_decay0.4_L2": 0.21572760688768144,
        "pass_attempt_decay0.4_L2": 0.08424725148291269,
        "passing_yards_decay0.4_L2": 1.2307451025609297,
        "pass_touchdown_decay0.4_L2": 0.1693014913727905,
        "rush_attempt_decay0.4_L2": 0.987299372051681,
        "rushing_yards_decay0.4_L2": 0.6156096744643639,
        "rush_touchdown_decay0.4_L2": 0.9666231984847474,
        "receptions_decay0.4_L2": 0.5457254695093203,
        "receiving_yards_decay0.4_L2": 0.5496562730079058,
        "receiving_touchdown_decay0.4_L2": 0.23877795759061216,
        "games_played_decay0.4_L2": 0.27099180525633454,
        "total_points_decay0.4_L3": 0.24456753109369675,
        "pass_attempt_decay0.4_L3": 0.19747770343085233,
        "passing_yards_decay0.4_L3": 0.3375185302020818,
        "pass_touchdown_decay0.4_L3": 0.23272674420237469,
        "rush_attempt_decay0.4_L3": 0.702953244627077,
        "rushing_yards_decay0.4_L3": 0.6756528037487706,
        "rush_touchdown_decay0.4_L3": 0.20405494976481522,
        "receptions_decay0.4_L3": 0.24880053509952443,
        "receiving_yards_decay0.4_L3": 0.26341114575290714,
        "receiving_touchdown_decay0.4_L3": 0.9804626644448085,
        "games_played_decay0.4_L3": 0.42607949688394936,
        "total_points_pos_pct_hist": 0.6382966364201722,
        "games_played_pos_pct_hist": 0.5049716963010767,
        "total_points_overall_pct_hist": 0.6588887761504564,
        "games_played_overall_pct_hist": 0.48071346821025385,
        "points_per_game_hist": 1.0378542841740024,
        "total_points_trend_2yr_hist": 1.1056901022808752,
        "total_points_trend_3yr_hist": 1.1998835896520796,
        "games_played_trend_2yr_hist": 0.6507749049849434,
        "games_played_trend_3yr_hist": 0.592162253222947,
        "age_2025": 1.1900398603637057,
        "years_exp": 1.3830348605791243
      }
    },
    "lightgbm": {
      "cv_score": 114.75576456688073,
      "params": {
        "num_leaves": 86,
        "learning_rate": 0.1986639835139895,
        "feature_fraction": 0.7461742491831727,
        "bagging_fraction": 0.6235787069029226,
        "min_child_samples": 23
      },
      "feature_importance": {
        "total_points_lag1": 123,
        "total_points_lag2": 61,
        "games_played_lag1": 27,
        "games_played_lag2": 19,
        "points_per_game_calc_lag1": 78,
        "points_per_game_calc_lag2": 22,
        "availability_rate_lag1": 10,