{
  "baseline_results": {
    "linear": {
      "rmse_mean": 200.36945372212156,
      "mae_mean": 150.49755496358915,
      "spearman_mean": 0.42455948816509714
    },
    "ridge": {
      "rmse_mean": 182.90061380982874,
      "mae_mean": 147.10830124314282,
      "spearman_mean": 0.4193765466906029
    }
  },
  "advanced_models": {
    "catboost": {
      "cv_score": 154.98270228936363,
      "params": {
        "iterations": 108,
        "depth": 5,
        "learning_rate": 0.18267603098420468,
        "l2_leaf_reg": 7.682123220993574,
        "random_strength": 8.466956667594832,
        "bagging_temperature": 0.8348345281087531
      },
      "feature_importance": {
        "total_points_lag1": 8.50918358896335,
        "total_points_lag2": 0.1274058891504334,
        "games_played_lag1": 20.099139407619756,
        "games_played_lag2": 0.19953780270679694,
        "points_per_game_calc_lag1": 9.623567504849175,
        "points_per_game_calc_lag2": 0.1825206402412096,
        "availability_rate_lag1": 29.064344825528533,
        "availability_rate_lag2": 0.023993294065142584,
        "total_points_decay0.8_L1": 1.0175068124613398,
        "pass_attempt_decay0.8_L1": 0.0043419356406191,
        "passing_yards_decay0.8_L1": 0.00025592824981628435,
        "pass_touchdown_decay0.8_L1": 0.010925508119175026,
        "rush_attempt_decay0.8_L1": 0.0035231527674240383,
        "rushing_yards_decay0.8_L1": 0.25751454262938145,
        "rush_touchdown_decay0.8_L1": 0.008371274876290313,
        "receptions_decay0.8_L1": 1.6134245423166536,
        "receiving_yards_decay0.8_L1": 0.05064753303682809,
        "receiving_touchdown_decay0.8_L1": 0.1561815357596497,
        "games_played_decay0.8_L1": 0.5068283668377581,
        "total_points_decay0.8_L2": 0.0,
        "pass_attempt_decay0.8_L2": 0.001960933262426035,
        "passing_yards_decay0.8_L2": 0.0,
        "pass_touchdown_decay0.8_L2": 0.005732979172349532,
        "rush_attempt_decay0.8_L2": 0.07052696311060094,
        "rushing_yards_decay0.8_L2": 0.06664907115480884,
        "rush_touchdown_decay0.8_L2": 0.012608404854475359,
        "receptions_decay0.8_L2": 0.03396149172458814,
        "receiving_yards_decay0.8_L2": 0.20447192071896503,
        "receiving_touchdown_decay0.8_L2": 0.006846470175926489,
        "games_played_decay0.8_L2": 3.405953040517082,
        "total_points_decay0.8_L3": 0.031107250218306244,
        "pass_attempt_decay0.8_L3": 0.018411687148320612,
        "passing_yards_decay0.8_L3": 0.002473886617954552,
        "pass_touchdown_decay0.8_L3": 0.0016938028913641818,
        "rush_attempt_decay0.8_L3": 0.13619842304266383,
        "rushing_yards_decay0.8_L3": 0.013887033985578525,
        "rush_touchdown_decay0.8_L3": 0.0,
        "receptions_decay0.8_L3": 0.03682611230618964,
        "receiving_yards_decay0.8_L3": 0.003699933186693268,
        "receiving_touchdown_decay0.8_L3": 0.09569042830316314,
        "games_played_decay0.8_L3": 0.3308996169108899,
        "total_points_decay0.6_L1": 0.0454069012367606,
        "pass_attempt_decay0.6_L1": 0.003737129886630741,
        "passing_yards_decay0.6_L1": 0.0034140098202421498,
        "pass_touchdown_decay0.6_L1": 0.005299061250662191,
        "rush_attempt_decay0.6_L1": 0.027617708579832735,
        "rushing_yards_decay0.6_L1": 0.05549089859055051,
        "rush_touchdown_decay0.6_L1": 0.0011915706102886379,
        "receptions_decay0.6_L1": 1.2578076540150045,
        "receiving_yards_decay0.6_L1": 0.4412969695234834,
        "receiving_touchdown_decay0.6_L1": 0.10623745261428827,
        "games_played_decay0.6_L1": 0.5136319706606787,
        "total_points_decay0.6_L2": 0.1059669439801932,
        "pass_attempt_decay0.6_L2": 7.784639263913475e-05,
        "passing_yards_decay0.6_L2": 0.0072328331519543095,
        "pass_touchdown_decay0.6_L2": 0.005899325857527263,
        "rush_attempt_decay0.6_L2": 0.06185728569148119,
        "rushing_yards_decay0.6_L2": 0.34294269895833784,
        "rush_touchdown_decay0.6_L2": 2.4180807112254757e-06,
        "receptions_decay0.6_L2": 0.09202439626780133,
        "receiving_yards_decay0.6_L2": 0.6558031933926837,
        "receiving_touchdown_decay0.6_L2": 0.0023239755140801403,
        "games_played_decay0.6_L2": 0.13024769221907867,
        "total_points_decay0.6_L3": 0.6949104470030655,
        "pass_attempt_decay0.6_L3": 0.008238084004280518,
        "passing_yards_decay0.6_L3": 0.016344632808775572,
        "pass_touchdown_decay0.6_L3": 0.0005660427344611545,
        "rush_attempt_decay0.6_L3": 0.02197252272245257,
        "rushing_yards_decay0.6_L3": 0.18459647484447675,
        "rush_touchdown_decay0.6_L3": 0.002935128646191683,
        "receptions_decay0.6_L3": 0.049948237741184336,
        "receiving_yards_decay0.6_L3": 1.140431509921169,
        "receiving_touchdown_decay0.6_L3": 0.1796700493348656,
        "games_played_decay0.6_L3": 3.3179937453302246,
        "total_points_decay0.4_L1": 0.021068292422220924,
        "pass_attempt_decay0.4_L1": 0.004200929650118347,
        "passing_yards_decay0.4_L1": 0.0,
        "pass_touchdown_decay0.4_L1": 0.0,
        "rush_attempt_decay0.4_L1": 0.10312476262300681,
        "rushing_yards_decay0.4_L1": 0.06767318991044263,
        "rush_touchdown_decay0.4_L1": 0.0007982964400720695,
        "receptions_decay0.4_L1": 0.04446504876893834,
        "receiving_yards_decay0.4_L1": 0.0,
        "receiving_touchdown_decay0.4_L1": 0.03321324067819977,
        "games_played_decay0.4_L1": 0.0866894383099408,
        "total_points_decay0.4_L2": 0.21482076169540978,
        "pass_attempt_decay0.4_L2": 0.003307036514170757,
        "passing_yards_decay0.4_L2": 5.0896248827354414e-05,
        "pass_touchdown_decay0.4_L2": 0.002656096719231084,
        "rush_attempt_decay0.4_L2": 0.022693566799078354,
        "rushing_yards_decay0.4_L2": 0.0446457326671022,
        "rush_touchdown_decay0.4_L2": 0.0005690883072673251,
        "receptions_decay0.4_L2": 0.12092015206559026,
        "receiving_yards_decay0.4_L2": 6.747681210413726,
        "receiving_touchdown_decay0.4_L2": 0.10693067611260637,
        "games_played_decay0.4_L2": 0.20069422744313478,
        "total_points_decay0.4_L3": 0.002275951262216987,
        "pass_attempt_decay0.4_L3": 0.0010559924242199556,
        "passing_yards_decay0.4_L3": 0.016955272934764867,
        "pass_touchdown_decay0.4_L3": 0.00020974647253222152,
        "rush_attempt_decay0.4_L3": 0.1444886703958546,
        "rushing_yards_decay0.4_L3": 0.13421634971654847,
        "rush_touchdown_decay0.4_L3": 0.0053602799680304535,
        "receptions_decay0.4_L3": 1.9042784596993636,
        "receiving_yards_decay0.4_L3": 0.35244894031022883,
        "receiving_touchdown_decay0.4_L3": 0.49115647267745394,
        "games_played_decay0.4_L3": 0.17423869679399404,
        "total_points_pos_pct_hist": 0.26070968332337924,
        "games_played_pos_pct_hist": 0.029548158941416776,
        "total_points_overall_pct_hist": 0.8696482897796117,
        "games_played_overall_pct_hist": 0.720965997296145,
        "points_per_game_hist": 0.8594828753688634,
        "total_points_trend_2yr_hist": 0.14590907460408056,
        "total_points_trend_3yr_hist": 0.13744221247548388,
        "games_played_trend_2yr_hist": 0.07564531838242891,
        "games_played_trend_3yr_hist": 0.17289500185056103,
        "age_2025": 0.16047531281018323,
        "years_exp": 0.09246025221584679
      }
    },
    "lightgbm": {
      "cv_score": 170.0467558441364,
      "params": {
        "num_leaves": 27,
        "learning_rate": 0.07604871468759476,
        "feature_fraction": 0.5069534413159895,
        "bagging_fraction": 0.6727950529105654,
        "min_child_samples": 39
      },
      "feature_importance": {
        "total_points_lag1": 166,
        "total_points_lag2": 28,
        "games_played_lag1": 92,
        "games_played_lag2": 13,
        "points_per_game_calc_lag1": 87,
        "points_per_game_calc_lag2": 36,
        "availability_rate_lag1": 45,