{
  "baseline_results": {
    "linear": {
      "rmse_mean": 709.3512981711086,
      "mae_mean": 299.1373369001945,
      "spearman_mean": 0.33342511041196865
    },
    "ridge": {
      "rmse_mean": 186.1115363873937,
      "mae_mean": 158.5528304125435,
      "spearman_mean": 0.4497420251395063
    }
  },
  "advanced_models": {
    "catboost": {
      "cv_score": 148.5798768980255,
      "params": {
        "iterations": 269,
        "depth": 6,
        "learning_rate": 0.0974568657964436,
        "l2_leaf_reg": 7.054676557738269,
        "random_strength": 9.423591093120166,
        "bagging_temperature": 0.8147723443919264
      },
      "feature_importance": {
        "total_points_lag1": 9.062181583490252,
        "total_points_lag2": 0.41772581237351564,
        "games_played_lag1": 0.3526187746492062,
        "games_played_lag2": 0.26338842128344087,
        "points_per_game_calc_lag1": 1.2203758383961787,
        "points_per_game_calc_lag2": 2.2012193629829038,
        "availability_rate_lag1": 1.8570362467917005,
        "availability_rate_lag2": 0.4804231094759241,
        "total_points_decay0.8_L1": 1.0845884095280975,
        "pass_attempt_decay0.8_L1": 0.10149768409423619,
        "passing_yards_decay0.8_L1": 0.9224624798380625,
        "pass_touchdown_decay0.8_L1": 0.33483425114862925,
        "rush_attempt_decay0.8_L1": 0.2651754925270157,
        "rushing_yards_decay0.8_L1": 0.3801895800613999,
        "rush_touchdown_decay0.8_L1": 0.11817686058328826,
        "receptions_decay0.8_L1": 0.04035476132408442,
        "receiving_yards_decay0.8_L1": 0.05116884700518373,
        "receiving_touchdown_decay0.8_L1": 0.0052696037665658025,
        "games_played_decay0.8_L1": 1.9154285400798803,
        "total_points_decay0.8_L2": 2.2762594355703887,
        "pass_attempt_decay0.8_L2": 0.8455342499238282,
        "passing_yards_decay0.8_L2": 3.5895597839458926,
        "pass_touchdown_decay0.8_L2": 0.7254245585299356,
        "rush_attempt_decay0.8_L2": 0.1532221445178407,
        "rushing_yards_decay0.8_L2": 0.8137145650125859,
        "rush_touchdown_decay0.8_L2": 0.24260363839322607,
        "receptions_decay0.8_L2": 0.0,
        "receiving_yards_decay0.8_L2": 0.03147909940945763,
        "receiving_touchdown_decay0.8_L2": 0.001274656467631297,
        "games_played_decay0.8_L2": 1.246899380067799,
        "total_points_decay0.8_L3": 1.6850087398978577,
        "pass_attempt_decay0.8_L3": 0.35134665359925904,
        "passing_yards_decay0.8_L3": 4.126158805182147,
        "pass_touchdown_decay0.8_L3": 3.6621118112329634,
        "rush_attempt_decay0.8_L3": 0.16354169460938012,
        "rushing_yards_decay0.8_L3": 2.252044729103805,
        "rush_touchdown_decay0.8_L3": 0.5569507327001594,
        "receptions_decay0.8_L3": 0.1755420044847919,
        "receiving_yards_decay0.8_L3": 0.02524799489992063,
        "receiving_touchdown_decay0.8_L3": 0.02850118355621129,
        "games_played_decay0.8_L3": 0.9187253360109274,
        "total_points_decay0.6_L1": 1.8824569091088466,
        "pass_attempt_decay0.6_L1": 0.007597988022133845,
        "passing_yards_decay0.6_L1": 0.48856310146129084,
        "pass_touchdown_decay0.6_L1": 0.10401272107967281,
        "rush_attempt_decay0.6_L1": 0.22115167550876344,
        "rushing_yards_decay0.6_L1": 0.44764407724590477,
        "rush_touchdown_decay0.6_L1": 0.007077879420229974,
        "receptions_decay0.6_L1": 0.0023219946684969544,
        "receiving_yards_decay0.6_L1": 0.0031238857506829744,
        "receiving_touchdown_decay0.6_L1": 7.366181298814173e-05,
        "games_played_decay0.6_L1": 0.15166606027989468,
        "total_points_decay0.6_L2": 0.03609945112699126,
        "pass_attempt_decay0.6_L2": 0.25608604788992206,
        "passing_yards_decay0.6_L2": 0.14336112311640561,
        "pass_touchdown_decay0.6_L2": 4.019365497718103,
        "rush_attempt_decay0.6_L2": 0.2352964608119284,
        "rushing_yards_decay0.6_L2": 0.5260043509813975,
        "rush_touchdown_decay0.6_L2": 0.05306863988320616,
        "receptions_decay0.6_L2": 0.008929297150403432,
        "receiving_yards_decay0.6_L2": 0.04820250638933969,
        "receiving_touchdown_decay0.6_L2": 0.0,
        "games_played_decay0.6_L2": 0.35727664325180203,
        "total_points_decay0.6_L3": 0.626883401972899,
        "pass_attempt_decay0.6_L3": 5.819740295812368,
        "passing_yards_decay0.6_L3": 0.17952442856388443,
        "pass_touchdown_decay0.6_L3": 0.6188510366462612,
        "rush_attempt_decay0.6_L3": 3.228178134217559,
        "rushing_yards_decay0.6_L3": 0.4055532789991237,
        "rush_touchdown_decay0.6_L3": 0.6108085182704533,
        "receptions_decay0.6_L3": 0.14572477420514723,
        "receiving_yards_decay0.6_L3": 0.025856025149656913,
        "receiving_touchdown_decay0.6_L3": 0.12343486095246384,
        "games_played_decay0.6_L3": 0.38536295270310705,
        "total_points_decay0.4_L1": 0.1463765295524056,
        "pass_attempt_decay0.4_L1": 0.3106023053692288,
        "passing_yards_decay0.4_L1": 0.21571823545302282,
        "pass_touchdown_decay0.4_L1": 0.1619085563534439,
        "rush_attempt_decay0.4_L1": 0.2256646285543247,
        "rushing_yards_decay0.4_L1": 0.49404691178827564,
        "rush_touchdown_decay0.4_L1": 0.5592617985159598,
        "receptions_decay0.4_L1": 0.003059216240394753,
        "receiving_yards_decay0.4_L1": 0.02626154871633846,
        "receiving_touchdown_decay0.4_L1": 0.007429091895931429,
        "games_played_decay0.4_L1": 0.03963960293831643,
        "total_points_decay0.4_L2": 1.003524761149286,
        "pass_attempt_decay0.4_L2": 2.07115081690602,
        "passing_yards_decay0.4_L2": 5.103600405850951,
        "pass_touchdown_decay0.4_L2": 0.7475002021476161,
        "rush_attempt_decay0.4_L2": 0.8067056188110617,
        "rushing_yards_decay0.4_L2": 0.5338970512124057,
        "rush_touchdown_decay0.4_L2": 0.12068959621620795,
        "receptions_decay0.4_L2": 0.02133414951387655,
        "receiving_yards_decay0.4_L2": 0.03130633664338447,
        "receiving_touchdown_decay0.4_L2": 0.004277587909739918,
        "games_played_decay0.4_L2": 0.47927819422925705,
        "total_points_decay0.4_L3": 1.5266423671507638,
        "pass_attempt_decay0.4_L3": 0.4153760030094462,
        "passing_yards_decay0.4_L3": 0.11889220724024378,
        "pass_touchdown_decay0.4_L3": 2.9982414753319246,
        "rush_attempt_decay0.4_L3": 0.6403226053007395,
        "rushing_yards_decay0.4_L3": 0.4874629997160238,
        "rush_touchdown_decay0.4_L3": 0.30039810090095026,
        "receptions_decay0.4_L3": 0.06424249253959655,
        "receiving_yards_decay0.4_L3": 0.10295810005499308,
        "receiving_touchdown_decay0.4_L3": 0.01047922848995271,
        "games_played_decay0.4_L3": 1.045303076663826,
        "total_points_pos_pct_hist": 0.3021774288560916,
        "games_played_pos_pct_hist": 0.4362350991205415,
        "total_points_overall_pct_hist": 0.757668247625511,
        "games_played_overall_pct_hist": 2.6367242567301297,
        "points_per_game_hist": 2.577070610603789,
        "total_points_trend_2yr_hist": 1.09368368195079,
        "total_points_trend_3yr_hist": 1.255348512116537,
        "games_played_trend_2yr_hist": 0.7257652531430369,
        "games_played_trend_3yr_hist": 0.7516348711526887,
        "age_2025": 1.6622237102420772,
        "years_exp": 0.8633519894060019
      }
    },
    "lightgbm": {
      "cv_score": 152.28984612638934,
      "params": {
        "num_leaves": 57,
        "learning_rate": 0.049687159148664985,
        "feature_fraction": 0.5462692384050959,
        "bagging_fraction": 0.8099776051081786,
        "min_child_samples": 38
      },
      "feature_importance": {
        "total_points_lag1": 215,
        "total_points_lag2": 78,
        "games_played_lag1": 137,
        "games_played_lag2": 29,
        "points_per_game_calc_lag1": 134,
        "points_per_game_calc_lag2": 100,
        "availability_rate_lag1": 57,