{
  "baseline_results": {
    "linear": {
      "rmse_mean": 187.1987384880894,
      "rmse_std": 11.44226494302248,
      "mae_mean": 129.83738251841163,
      "mae_std": 6.815651340145593,
      "spearman_mean": 0.7080339782855785,
      "spearman_std": 0.040544528249631014
    },
    "ridge": {
      "rmse_mean": 187.59338212662283,
      "rmse_std": 11.602580217546462,
      "mae_mean": 129.30570848459703,
      "mae_std": 7.005174253179861,
      "spearman_mean": 0.7106052161822383,
      "spearman_std": 0.040369190769237534
    }
  },
  "advanced_models": {
    "catboost": {
      "cv_score": 183.87019862016984,
      "params": {
        "iterations": 151,
        "depth": 8,
        "learning_rate": 0.09648421664002518,
        "l2_leaf_reg": 2.9470946110328997,
        "random_strength": 5.327544765764888,
        "bagging_temperature": 0.5523329722024294,
        "border_count": 145
      },
      "feature_importance": {
        "total_points_lag1": 0.5952896156045329,
        "total_points_lag2": 0.6514923978303567,
        "games_played_lag1": 0.5967499246858348,
        "games_played_lag2": 1.112604679048416,
        "points_per_game_calc_lag1": 3.2401128441012497,
        "points_per_game_calc_lag2": 2.9355827149491986,
        "availability_rate_lag1": 0.8149181762079474,
        "availability_rate_lag2": 0.6223600837806786,
        "total_points_decay0.8_L1": 0.3696065261646282,
        "pass_attempt_decay0.8_L1": 1.0268714647381572,
        "passing_yards_decay0.8_L1": 0.48836154766776957,
        "pass_touchdown_decay0.8_L1": 0.5158461827748441,
        "rush_attempt_decay0.8_L1": 0.349194283393895,
        "rushing_yards_decay0.8_L1": 1.2476992614916924,
        "rush_touchdown_decay0.8_L1": 0.17275078715444744,
        "receptions_decay0.8_L1": 0.08532555158429374,
        "receiving_yards_decay0.8_L1": 1.5906313236595455,
        "receiving_touchdown_decay0.8_L1": 0.11724538849304374,
        "games_played_decay0.8_L1": 0.3801629610321889,
        "total_points_decay0.8_L2": 0.04433953915349133,
        "pass_attempt_decay0.8_L2": 0.5243115021756027,
        "passing_yards_decay0.8_L2": 0.3235225141281567,
        "pass_touchdown_decay0.8_L2": 1.0316339710346223,
        "rush_attempt_decay0.8_L2": 0.5919431603567695,
        "rushing_yards_decay0.8_L2": 0.6055872519112206,
        "rush_touchdown_decay0.8_L2": 0.6195557171824201,
        "receptions_decay0.8_L2": 0.4668566425513524,
        "receiving_yards_decay0.8_L2": 0.6072177512443032,
        "receiving_touchdown_decay0.8_L2": 0.6953039594815422,
        "games_played_decay0.8_L2": 1.0015517498315558,
        "total_points_decay0.8_L3": 0.7391765798486426,
        "pass_attempt_decay0.8_L3": 0.8507272098844919,
        "passing_yards_decay0.8_L3": 0.21497059625010598,
        "pass_touchdown_decay0.8_L3": 0.6388245597409826,
        "rush_attempt_decay0.8_L3": 0.3441016804004953,
        "rushing_yards_decay0.8_L3": 1.047855810120254,
        "rush_touchdown_decay0.8_L3": 1.0027610825388622,
        "receptions_decay0.8_L3": 0.6437436136309759,
        "receiving_yards_decay0.8_L3": 0.7607132155336533,
        "receiving_touchdown_decay0.8_L3": 1.9927648576314365,
        "games_played_decay0.8_L3": 0.35676201173217004,
        "total_points_decay0.6_L1": 1.586675833572635,
        "pass_attempt_decay0.6_L1": 0.4054276442098714,
        "passing_yards_decay0.6_L1": 0.32498148310606306,
        "pass_touchdown_decay0.6_L1": 0.811070921027411,
        "rush_attempt_decay0.6_L1": 1.0227647867923788,
        "rushing_yards_decay0.6_L1": 0.6691046068778994,
        "rush_touchdown_decay0.6_L1": 0.3837720735079534,
        "receptions_decay0.6_L1": 0.26818083164408646,
        "receiving_yards_decay0.6_L1": 0.1876255272620489,
        "receiving_touchdown_decay0.6_L1": 0.26319644343245824,
        "games_played_decay0.6_L1": 0.2117725825870751,
        "total_points_decay0.6_L2": 0.9404792594889759,
        "pass_attempt_decay0.6_L2": 0.2584560944846099,
        "passing_yards_decay0.6_L2": 1.138610463381172,
        "pass_touchdown_decay0.6_L2": 0.603269762028868,
        "rush_attempt_decay0.6_L2": 0.2526109359384055,
        "rushing_yards_decay0.6_L2": 0.0962707494959539,
        "rush_touchdown_decay0.6_L2": 0.2546107944361447,
        "receptions_decay0.6_L2": 0.5413985340352555,
        "receiving_yards_decay0.6_L2": 0.2417172968240981,
        "receiving_touchdown_decay0.6_L2": 0.5511714978087144,
        "games_played_decay0.6_L2": 1.0324338182845356,
        "total_points_decay0.6_L3": 0.8392340889573708,
        "pass_attempt_decay0.6_L3": 0.4371570080578073,
        "passing_yards_decay0.6_L3": 1.089135338549995,
        "pass_touchdown_decay0.6_L3": 1.687355939865178,
        "rush_attempt_decay0.6_L3": 0.33440821707380486,
        "rushing_yards_decay0.6_L3": 0.15392547304176868,
        "rush_touchdown_decay0.6_L3": 0.6947722273893456,
        "receptions_decay0.6_L3": 1.506682238404856,
        "receiving_yards_decay0.6_L3": 0.7220242788069278,
        "receiving_touchdown_decay0.6_L3": 0.2742298873853938,
        "games_played_decay0.6_L3": 0.2325587900106612,
        "total_points_decay0.4_L1": 0.32446142837708036,
        "pass_attempt_decay0.4_L1": 0.7171824313535833,
        "passing_yards_decay0.4_L1": 1.649034002118718,
        "pass_touchdown_decay0.4_L1": 0.6765708532410947,
        "rush_attempt_decay0.4_L1": 1.8709492300577462,
        "rushing_yards_decay0.4_L1": 1.0998945373228457,
        "rush_touchdown_decay0.4_L1": 0.19694615955948247,
        "receptions_decay0.4_L1": 0.39174322318201743,
        "receiving_yards_decay0.4_L1": 0.7272692892149851,
        "receiving_touchdown_decay0.4_L1": 0.6485894160693368,
        "games_played_decay0.4_L1": 0.7549160159900355,
        "total_points_decay0.4_L2": 2.248021339652926,
        "pass_attempt_decay0.4_L2": 0.4559969656678849,
        "passing_yards_decay0.4_L2": 0.22979009290889052,
        "pass_touchdown_decay0.4_L2": 1.3044729158604609,
        "rush_attempt_decay0.4_L2": 0.4489906488786027,
        "rushing_yards_decay0.4_L2": 0.3358730508751745,
        "rush_touchdown_decay0.4_L2": 0.13430092235186555,
        "receptions_decay0.4_L2": 0.3798045901695267,
        "receiving_yards_decay0.4_L2": 0.3410819625524963,
        "receiving_touchdown_decay0.4_L2": 4.082775547703644,
        "games_played_decay0.4_L2": 0.7487453936348072,
        "total_points_decay0.4_L3": 1.9731822925581768,
        "pass_attempt_decay0.4_L3": 0.5066295904246035,
        "passing_yards_decay0.4_L3": 0.3993592908240149,
        "pass_touchdown_decay0.4_L3": 0.660994330824562,
        "rush_attempt_decay0.4_L3": 1.0341791292980824,
        "rushing_yards_decay0.4_L3": 0.7261644521859127,
        "rush_touchdown_decay0.4_L3": 0.32357475750770337,
        "receptions_decay0.4_L3": 0.943142202337567,
        "receiving_yards_decay0.4_L3": 0.06630705398984557,
        "receiving_touchdown_decay0.4_L3": 0.998253880166784,
        "games_played_decay0.4_L3": 0.2043555430150874,
        "total_points_pos_pct_hist": 1.5448166708722264,
        "games_played_pos_pct_hist": 0.4107824387228616,
        "total_points_overall_pct_hist": 1.715687411780105,
        "games_played_overall_pct_hist": 0.8122491076009904,
        "points_per_game_hist": 1.2564320262131945,
        "total_points_trend_2yr_hist": 1.409437939235787,
        "total_points_trend_3yr_hist": 2.9857803065754007,
        "games_played_trend_2yr_hist": 1.1179749731774156,
        "games_played_trend_3yr_hist": 0.9829294517951315,
        "age_2025": 1.2170659792868248,
        "years_exp": 1.780816397543615,
        "height": 0.44371857623782246,
        "weight": 2.185474235438988,
        "height_inches": 0.4138049929735815,
        "bmi": 2.0853608341750203
      }
    },
    "lightgbm": {
      "cv_score": 184.08464672865415,
      "params": {
        "num_leaves": 87,
        "learning_rate": 0.05069128659259821,
        "feature_fraction": 0.9497032632223636,