{
  "baseline_results": {
    "linear": {
      "rmse_mean": 5227.62319721852,
      "mae_mean": 502.79561172826516,
      "spearman_mean": 0.6735928943214009
    },
    "ridge": {
      "rmse_mean": 533.1831227121779,
      "mae_mean": 105.2894009378997,
      "spearman_mean": 0.7112578686618193
    }
  },
  "advanced_models": {
    "catboost": {
      "cv_score": 95.10355340455253,
      "params": {
        "iterations": 166,
        "depth": 6,
        "learning_rate": 0.10879135744425364,
        "l2_leaf_reg": 1.826265234645855,
        "random_strength": 3.4115726560324973,
        "bagging_temperature": 0.44570238591893463
      },
      "feature_importance": {
        "total_points_lag1": 2.3861301733153764,
        "total_points_lag2": 0.677967652829774,
        "games_played_lag1": 0.8091548066911876,
        "games_played_lag2": 0.4130200860651426,
        "points_per_game_calc_lag1": 2.6877299188005552,
        "points_per_game_calc_lag2": 1.2143861759465044,
        "availability_rate_lag1": 2.6701258274333597,
        "availability_rate_lag2": 0.05445172405292372,
        "total_points_decay0.8_L1": 1.2750509804327832,
        "pass_attempt_decay0.8_L1": 0.016414075528370427,
        "passing_yards_decay0.8_L1": 5.595175691826705e-05,
        "pass_touchdown_decay0.8_L1": 0.0,
        "rush_attempt_decay0.8_L1": 0.22375543510194526,
        "rushing_yards_decay0.8_L1": 0.09903709299143551,
        "rush_touchdown_decay0.8_L1": 0.04739416858187847,
        "receptions_decay0.8_L1": 1.5998696510013588,
        "receiving_yards_decay0.8_L1": 1.0901749507403862,
        "receiving_touchdown_decay0.8_L1": 0.8419118372026652,
        "games_played_decay0.8_L1": 0.01670841498595986,
        "total_points_decay0.8_L2": 0.7713297559664214,
        "pass_attempt_decay0.8_L2": 1.3865101854717205e-05,
        "passing_yards_decay0.8_L2": 0.06451726153454118,
        "pass_touchdown_decay0.8_L2": 0.0,
        "rush_attempt_decay0.8_L2": 4.8374601429112865,
        "rushing_yards_decay0.8_L2": 0.9057731110415012,
        "rush_touchdown_decay0.8_L2": 0.24036707788621547,
        "receptions_decay0.8_L2": 0.5099044049888583,
        "receiving_yards_decay0.8_L2": 3.1492950886106006,
        "receiving_touchdown_decay0.8_L2": 0.791872012044761,
        "games_played_decay0.8_L2": 0.4041490124038473,
        "total_points_decay0.8_L3": 0.43115965614906454,
        "pass_attempt_decay0.8_L3": 0.03198706953870127,
        "passing_yards_decay0.8_L3": 0.015083519643161682,
        "pass_touchdown_decay0.8_L3": 0.014882784889298657,
        "rush_attempt_decay0.8_L3": 2.5614318434058068,
        "rushing_yards_decay0.8_L3": 0.2797583190236372,
        "rush_touchdown_decay0.8_L3": 0.0020873969709820925,
        "receptions_decay0.8_L3": 0.3164656699171949,
        "receiving_yards_decay0.8_L3": 1.0576941236640274,
        "receiving_touchdown_decay0.8_L3": 5.440306522838542,
        "games_played_decay0.8_L3": 0.42925727997751767,
        "total_points_decay0.6_L1": 2.435977183382368,
        "pass_attempt_decay0.6_L1": 0.00013821581089539114,
        "passing_yards_decay0.6_L1": 0.016323720367275897,
        "pass_touchdown_decay0.6_L1": 0.00499861401824283,
        "rush_attempt_decay0.6_L1": 0.03724130809198845,
        "rushing_yards_decay0.6_L1": 0.1863441266446314,
        "rush_touchdown_decay0.6_L1": 0.10063066390974268,
        "receptions_decay0.6_L1": 0.46931203196962384,
        "receiving_yards_decay0.6_L1": 0.09855886509386723,
        "receiving_touchdown_decay0.6_L1": 0.3689542528132169,
        "games_played_decay0.6_L1": 0.2906781097900926,
        "total_points_decay0.6_L2": 1.106186939194754,
        "pass_attempt_decay0.6_L2": 0.023225841130214427,
        "passing_yards_decay0.6_L2": 0.033826851622705684,
        "pass_touchdown_decay0.6_L2": 0.0002495161074292107,
        "rush_attempt_decay0.6_L2": 0.19677892369311895,
        "rushing_yards_decay0.6_L2": 0.19618221472112643,
        "rush_touchdown_decay0.6_L2": 0.0040274028357898,
        "receptions_decay0.6_L2": 0.18784121923539504,
        "receiving_yards_decay0.6_L2": 0.7956951435293548,
        "receiving_touchdown_decay0.6_L2": 0.36790694023123915,
        "games_played_decay0.6_L2": 1.4793189239622206,
        "total_points_decay0.6_L3": 1.2180402329202678,
        "pass_attempt_decay0.6_L3": 0.006404914309635653,
        "passing_yards_decay0.6_L3": 0.015529615862019484,
        "pass_touchdown_decay0.6_L3": 0.0,
        "rush_attempt_decay0.6_L3": 0.04792806685784256,
        "rushing_yards_decay0.6_L3": 7.7889448693162455,
        "rush_touchdown_decay0.6_L3": 0.08881859529472826,
        "receptions_decay0.6_L3": 0.3446292665864183,
        "receiving_yards_decay0.6_L3": 1.0107334879987249,
        "receiving_touchdown_decay0.6_L3": 0.5808812917837496,
        "games_played_decay0.6_L3": 0.3004609783562481,
        "total_points_decay0.4_L1": 0.7951920099982328,
        "pass_attempt_decay0.4_L1": 0.008489391813167397,
        "passing_yards_decay0.4_L1": 0.011446538706054037,
        "pass_touchdown_decay0.4_L1": 0.012234586799411624,
        "rush_attempt_decay0.4_L1": 0.05569376789277724,
        "rushing_yards_decay0.4_L1": 0.04490378892614901,
        "rush_touchdown_decay0.4_L1": 0.02096344467378861,
        "receptions_decay0.4_L1": 0.33284011011222026,
        "receiving_yards_decay0.4_L1": 0.5192130296276668,
        "receiving_touchdown_decay0.4_L1": 0.13158714585776454,
        "games_played_decay0.4_L1": 0.1915722620034559,
        "total_points_decay0.4_L2": 1.1550204745543462,
        "pass_attempt_decay0.4_L2": 0.004138945516761401,
        "passing_yards_decay0.4_L2": 0.04646379989322226,
        "pass_touchdown_decay0.4_L2": 0.0076370760671253,
        "rush_attempt_decay0.4_L2": 0.3736475277349445,
        "rushing_yards_decay0.4_L2": 3.2300995928748493,
        "rush_touchdown_decay0.4_L2": 0.07517872700942135,
        "receptions_decay0.4_L2": 2.0143244633099924,
        "receiving_yards_decay0.4_L2": 12.67123004445767,
        "receiving_touchdown_decay0.4_L2": 0.5477024122262313,
        "games_played_decay0.4_L2": 0.7527101093034166,
        "total_points_decay0.4_L3": 1.6171089001435377,
        "pass_attempt_decay0.4_L3": 0.0584366860600742,
        "passing_yards_decay0.4_L3": 0.06599814772334288,
        "pass_touchdown_decay0.4_L3": 0.0036708373095788917,
        "rush_attempt_decay0.4_L3": 0.17145205940681585,
        "rushing_yards_decay0.4_L3": 0.17028722591894818,
        "rush_touchdown_decay0.4_L3": 0.08467555624556848,
        "receptions_decay0.4_L3": 0.4244313474918316,
        "receiving_yards_decay0.4_L3": 0.9851336850324446,
        "receiving_touchdown_decay0.4_L3": 4.110315417493679,
        "games_played_decay0.4_L3": 0.27077790699221876,
        "total_points_pos_pct_hist": 0.5776221407891461,
        "games_played_pos_pct_hist": 0.43576202421564,
        "total_points_overall_pct_hist": 1.039685017971332,
        "games_played_overall_pct_hist": 0.3359771107473507,
        "points_per_game_hist": 1.437799186763342,
        "total_points_trend_2yr_hist": 1.332585501602397,
        "total_points_trend_3yr_hist": 1.6242388667872134,
        "games_played_trend_2yr_hist": 0.4324264056580393,
        "games_played_trend_3yr_hist": 1.2266374197259788,
        "age_2025": 1.6800299906646856,
        "years_exp": 0.731756146490647
      }
    },
    "lightgbm": {
      "cv_score": 87.71595745835063,
      "params": {
        "num_leaves": 98,
        "learning_rate": 0.0895222704707663,
        "feature_fraction": 0.800898873305496,
        "bagging_fraction": 0.6920032626246857,
        "min_child_samples": 33
      },
      "feature_importance": {
        "total_points_lag1": 309,
        "total_points_lag2": 61,
        "games_played_lag1": 81,
        "games_played_lag2": 31,
        "points_per_game_calc_lag1": 210,
        "points_per_game_calc_lag2": 79,
        "availability_rate_lag1": 40,