{
  "baseline_results": {
    "linear": {
      "rmse_mean": 100.09011466137729,
      "mae_mean": 67.40262831204056,
      "spearman_mean": 0.7212935382006689
    },
    "ridge": {
      "rmse_mean": 90.59803733805785,
      "mae_mean": 65.65257338756749,
      "spearman_mean": 0.7316439570631733
    }
  },
  "advanced_models": {
    "catboost": {
      "cv_score": 84.57151794505894,
      "params": {
        "iterations": 664,
        "depth": 6,
        "learning_rate": 0.12707581472356197,
        "l2_leaf_reg": 5.596007541860819,
        "random_strength": 5.069541848482602,
        "bagging_temperature": 0.35650178872331784
      },
      "feature_importance": {
        "total_points_lag1": 0.4704281790907722,
        "total_points_lag2": 0.7087680536149632,
        "games_played_lag1": 0.7824177315592348,
        "games_played_lag2": 0.14864457190158298,
        "points_per_game_calc_lag1": 2.588379176229002,
        "points_per_game_calc_lag2": 1.4356188362482634,
        "availability_rate_lag1": 2.1823055858858598,
        "availability_rate_lag2": 0.9823481510154662,
        "total_points_decay0.8_L1": 1.8782536577032396,
        "pass_attempt_decay0.8_L1": 0.5669844255428673,
        "passing_yards_decay0.8_L1": 0.8648813919542306,
        "pass_touchdown_decay0.8_L1": 0.09027741422587672,
        "rush_attempt_decay0.8_L1": 0.12290335088042184,
        "rushing_yards_decay0.8_L1": 0.07999553402516582,
        "rush_touchdown_decay0.8_L1": 0.0215720951873545,
        "receptions_decay0.8_L1": 0.7587483208217618,
        "receiving_yards_decay0.8_L1": 0.4075390339231028,
        "receiving_touchdown_decay0.8_L1": 0.29255467925693945,
        "games_played_decay0.8_L1": 0.5567893406882843,
        "total_points_decay0.8_L2": 4.076546409910441,
        "pass_attempt_decay0.8_L2": 1.0073521602944342,
        "passing_yards_decay0.8_L2": 2.3751063507701087,
        "pass_touchdown_decay0.8_L2": 0.635379970834129,
        "rush_attempt_decay0.8_L2": 0.1910568329526142,
        "rushing_yards_decay0.8_L2": 0.42096760884166157,
        "rush_touchdown_decay0.8_L2": 0.03264135129094739,
        "receptions_decay0.8_L2": 0.4846007799129576,
        "receiving_yards_decay0.8_L2": 4.5253893884435605,
        "receiving_touchdown_decay0.8_L2": 0.43864931851464267,
        "games_played_decay0.8_L2": 0.5757109859065223,
        "total_points_decay0.8_L3": 0.6699566148971754,
        "pass_attempt_decay0.8_L3": 0.581865507420618,
        "passing_yards_decay0.8_L3": 1.487132036647528,
        "pass_touchdown_decay0.8_L3": 1.9540353110343984,
        "rush_attempt_decay0.8_L3": 0.8317906780415788,
        "rushing_yards_decay0.8_L3": 0.40530255317298985,
        "rush_touchdown_decay0.8_L3": 0.06140805631887923,
        "receptions_decay0.8_L3": 0.6321140502481125,
        "receiving_yards_decay0.8_L3": 0.34396448123016526,
        "receiving_touchdown_decay0.8_L3": 0.5614283272734071,
        "games_played_decay0.8_L3": 1.23772231796166,
        "total_points_decay0.6_L1": 1.3754235492841063,
        "pass_attempt_decay0.6_L1": 0.31169849719928966,
        "passing_yards_decay0.6_L1": 1.5573763581562312,
        "pass_touchdown_decay0.6_L1": 0.20689668485548773,
        "rush_attempt_decay0.6_L1": 0.15646283362352711,
        "rushing_yards_decay0.6_L1": 0.055484744502437754,
        "rush_touchdown_decay0.6_L1": 0.05364593160756709,
        "receptions_decay0.6_L1": 0.5915893000905278,
        "receiving_yards_decay0.6_L1": 0.28880683887240877,
        "receiving_touchdown_decay0.6_L1": 0.4641843559384292,
        "games_played_decay0.6_L1": 0.17275031677388514,
        "total_points_decay0.6_L2": 0.5627664035720181,
        "pass_attempt_decay0.6_L2": 0.4253223206914076,
        "passing_yards_decay0.6_L2": 0.8875737769515778,
        "pass_touchdown_decay0.6_L2": 0.20021958838337578,
        "rush_attempt_decay0.6_L2": 0.10995599832328835,
        "rushing_yards_decay0.6_L2": 0.07670320673083612,
        "rush_touchdown_decay0.6_L2": 0.004268656895489335,
        "receptions_decay0.6_L2": 0.31688794521793673,
        "receiving_yards_decay0.6_L2": 0.289523003035914,
        "receiving_touchdown_decay0.6_L2": 0.3158949947734342,
        "games_played_decay0.6_L2": 1.0488211434447414,
        "total_points_decay0.6_L3": 0.6757512090840189,
        "pass_attempt_decay0.6_L3": 0.9520895041452998,
        "passing_yards_decay0.6_L3": 0.6565005469556974,
        "pass_touchdown_decay0.6_L3": 0.4090301345113001,
        "rush_attempt_decay0.6_L3": 0.10205057693477698,
        "rushing_yards_decay0.6_L3": 0.06906748669679942,
        "rush_touchdown_decay0.6_L3": 0.2062634448410541,
        "receptions_decay0.6_L3": 0.8174829368190868,
        "receiving_yards_decay0.6_L3": 1.7990669901083105,
        "receiving_touchdown_decay0.6_L3": 1.1279979370590036,
        "games_played_decay0.6_L3": 0.3466387760783954,
        "total_points_decay0.4_L1": 0.33777592503741477,
        "pass_attempt_decay0.4_L1": 1.187481533077849,
        "passing_yards_decay0.4_L1": 0.3262754263424196,
        "pass_touchdown_decay0.4_L1": 0.657452634805518,
        "rush_attempt_decay0.4_L1": 0.07090460612322193,
        "rushing_yards_decay0.4_L1": 0.16747812915528865,
        "rush_touchdown_decay0.4_L1": 0.07952595819652315,
        "receptions_decay0.4_L1": 0.8950059649597778,
        "receiving_yards_decay0.4_L1": 0.48438274320752867,
        "receiving_touchdown_decay0.4_L1": 0.4354276558364699,
        "games_played_decay0.4_L1": 0.031523060589143635,
        "total_points_decay0.4_L2": 0.6142879357633432,
        "pass_attempt_decay0.4_L2": 0.7031525128138878,
        "passing_yards_decay0.4_L2": 0.7896614117026275,
        "pass_touchdown_decay0.4_L2": 0.35792290175696945,
        "rush_attempt_decay0.4_L2": 0.032599283284011675,
        "rushing_yards_decay0.4_L2": 0.01160701824662207,
        "rush_touchdown_decay0.4_L2": 0.01325206011548954,
        "receptions_decay0.4_L2": 0.7002854439318676,
        "receiving_yards_decay0.4_L2": 8.721048637319917,
        "receiving_touchdown_decay0.4_L2": 0.26153503183774,
        "games_played_decay0.4_L2": 0.5922455567010144,
        "total_points_decay0.4_L3": 1.351126794850006,
        "pass_attempt_decay0.4_L3": 0.3047233661277602,
        "passing_yards_decay0.4_L3": 0.45388185172934453,
        "pass_touchdown_decay0.4_L3": 0.9657808191710016,
        "rush_attempt_decay0.4_L3": 0.18767731144334296,
        "rushing_yards_decay0.4_L3": 0.16062341189312554,
        "rush_touchdown_decay0.4_L3": 0.002998831354331888,
        "receptions_decay0.4_L3": 0.2750935939863419,
        "receiving_yards_decay0.4_L3": 0.6489803958010969,
        "receiving_touchdown_decay0.4_L3": 0.756204487686563,
        "games_played_decay0.4_L3": 1.3015023026221093,
        "total_points_pos_pct_hist": 1.0916968736528336,
        "games_played_pos_pct_hist": 1.2441285559320132,
        "total_points_overall_pct_hist": 1.8035230217448646,
        "games_played_overall_pct_hist": 0.5715026366691591,
        "points_per_game_hist": 2.0671278523678347,
        "total_points_trend_2yr_hist": 1.6092837170282994,
        "total_points_trend_3yr_hist": 3.4970973331753337,
        "games_played_trend_2yr_hist": 0.7046829180942931,
        "games_played_trend_3yr_hist": 2.475354092650266,
        "age_2025": 4.166530157862154,
        "years_exp": 1.7859216295227323
      }
    },
    "lightgbm": {
      "cv_score": 83.86852635687936,
      "params": {
        "num_leaves": 20,
        "learning_rate": 0.14367154026554135,
        "feature_fraction": 0.5742989605251911,
        "bagging_fraction": 0.5437655645424287,
        "min_child_samples": 37
      },
      "feature_importance": {
        "total_points_lag1": 37,
        "total_points_lag2": 12,
        "games_played_lag1": 6,
        "games_played_lag2": 6,
        "points_per_game_calc_lag1": 36,
        "points_per_game_calc_lag2": 21,
        "availability_rate_lag1": 6,